{"v":"4.6.11","fr":24,"ip":0,"op":240,"w":430,"h":220,"nm":"动物有效区 2","ddd":0,"assets":[{"id":"image_0","w":120,"h":118,"u":"images/","p":"img_0.png"},{"id":"image_1","w":121,"h":108,"u":"images/","p":"img_1.png"},{"id":"image_2","w":120,"h":118,"u":"images/","p":"img_2.png"},{"id":"image_3","w":121,"h":108,"u":"images/","p":"img_3.png"},{"id":"image_4","w":133,"h":110,"u":"images/","p":"img_4.png"},{"id":"image_5","w":119,"h":118,"u":"images/","p":"img_5.png"},{"id":"comp_0","layers":[{"ddd":0,"ind":1,"ty":2,"nm":"动物1","refId":"image_0","ks":{"o":{"a":0,"k":100},"r":{"a":0,"k":0},"p":{"a":0,"k":[60.833,60.5,0]},"a":{"a":0,"k":[60,59,0]},"s":{"a":0,"k":[100,100,100]}},"ao":0,"ip":0,"op":6,"st":0,"bm":0,"sr":1},{"ddd":0,"ind":2,"ty":2,"nm":"动物2","refId":"image_1","ks":{"o":{"a":0,"k":100},"r":{"a":0,"k":0},"p":{"a":0,"k":[60.833,60.5,0]},"a":{"a":0,"k":[60.5,54,0]},"s":{"a":0,"k":[100,100,100]}},"ao":0,"ip":6,"op":12,"st":6,"bm":0,"sr":1},{"ddd":0,"ind":3,"ty":2,"nm":"动物3","refId":"image_2","ks":{"o":{"a":0,"k":100},"r":{"a":0,"k":0},"p":{"a":0,"k":[60.833,60.5,0]},"a":{"a":0,"k":[60,59,0]},"s":{"a":0,"k":[100,100,100]}},"ao":0,"ip":12,"op":18,"st":12,"bm":0,"sr":1},{"ddd":0,"ind":4,"ty":2,"nm":"动物4","refId":"image_3","ks":{"o":{"a":0,"k":100},"r":{"a":0,"k":0},"p":{"a":0,"k":[60.833,60.5,0]},"a":{"a":0,"k":[60.5,54,0]},"s":{"a":0,"k":[100,100,100]}},"ao":0,"ip":18,"op":24,"st":18,"bm":0,"sr":1},{"ddd":0,"ind":5,"ty":2,"nm":"动物6","refId":"image_2","ks":{"o":{"a":0,"k":100},"r":{"a":0,"k":0},"p":{"a":0,"k":[60.833,60.5,0]},"a":{"a":0,"k":[60,59,0]},"s":{"a":0,"k":[100,100,100]}},"ao":0,"ip":24,"op":30,"st":24,"bm":0,"sr":1},{"ddd":0,"ind":6,"ty":2,"nm":"动物5","refId":"image_3","ks":{"o":{"a":0,"k":100},"r":{"a":0,"k":0},"p":{"a":0,"k":[60.833,60.5,0]},"a":{"a":0,"k":[60.5,54,0]},"s":{"a":0,"k":[100,100,100]}},"ao":0,"ip":30,"op":36,"st":30,"bm":0,"sr":1},{"ddd":0,"ind":7,"ty":2,"nm":"动物8","refId":"image_2","ks":{"o":{"a":0,"k":100},"r":{"a":0,"k":0},"p":{"a":0,"k":[60.833,60.5,0]},"a":{"a":0,"k":[60,59,0]},"s":{"a":0,"k":[100,100,100]}},"ao":0,"ip":36,"op":42,"st":36,"bm":0,"sr":1},{"ddd":0,"ind":8,"ty":2,"nm":"动物7","refId":"image_3","ks":{"o":{"a":0,"k":100},"r":{"a":0,"k":0},"p":{"a":0,"k":[60.833,60.5,0]},"a":{"a":0,"k":[60.5,54,0]},"s":{"a":0,"k":[100,100,100]}},"ao":0,"ip":42,"op":48,"st":42,"bm":0,"sr":1},{"ddd":0,"ind":9,"ty":2,"nm":"动物5眨眼","refId":"image_4","ks":{"o":{"a":0,"k":100},"r":{"a":0,"k":0},"p":{"a":0,"k":[60.833,60.5,0]},"a":{"a":0,"k":[66.5,55,0]},"s":{"a":0,"k":[100,100,100]}},"ao":0,"ip":48,"op":61,"st":50,"bm":0,"sr":1},{"ddd":0,"ind":10,"ty":2,"nm":"动物6 开眼","refId":"image_5","ks":{"o":{"a":0,"k":100},"r":{"a":0,"k":0},"p":{"a":0,"k":[60.833,60.5,0]},"a":{"a":0,"k":[59.5,59,0]},"s":{"a":0,"k":[100,100,100]}},"ao":0,"ip":61,"op":72,"st":61,"bm":0,"sr":1},{"ddd":0,"ind":11,"ty":2,"nm":"动物5眨眼 2","refId":"image_4","ks":{"o":{"a":0,"k":100},"r":{"a":0,"k":0},"p":{"a":0,"k":[60.833,60.5,0]},"a":{"a":0,"k":[66.5,55,0]},"s":{"a":0,"k":[100,100,100]}},"ao":0,"ip":72,"op":83,"st":72,"bm":0,"sr":1},{"ddd":0,"ind":12,"ty":2,"nm":"动物6 开眼 2","refId":"image_5","ks":{"o":{"a":0,"k":100},"r":{"a":0,"k":0},"p":{"a":0,"k":[60.833,60.5,0]},"a":{"a":0,"k":[59.5,59,0]},"s":{"a":0,"k":[100,100,100]}},"ao":0,"ip":83,"op":94,"st":83,"bm":0,"sr":1},{"ddd":0,"ind":13,"ty":2,"nm":"动物5眨眼 3","refId":"image_4","ks":{"o":{"a":0,"k":100},"r":{"a":0,"k":0},"p":{"a":0,"k":[60.833,60.5,0]},"a":{"a":0,"k":[66.5,55,0]},"s":{"a":0,"k":[100,100,100]}},"ao":0,"ip":94,"op":105,"st":94,"bm":0,"sr":1},{"ddd":0,"ind":14,"ty":2,"nm":"动物6 开眼 3","refId":"image_5","ks":{"o":{"a":0,"k":100},"r":{"a":0,"k":0},"p":{"a":0,"k":[60.833,60.5,0]},"a":{"a":0,"k":[59.5,59,0]},"s":{"a":0,"k":[100,100,100]}},"ao":0,"ip":105,"op":113,"st":102,"bm":0,"sr":1},{"ddd":0,"ind":15,"ty":2,"nm":"动物12","refId":"image_2","ks":{"o":{"a":0,"k":100},"r":{"a":0,"k":0},"p":{"a":0,"k":[60.833,60.5,0]},"a":{"a":0,"k":[60,59,0]},"s":{"a":0,"k":[100,100,100]}},"ao":0,"ip":113,"op":118,"st":113,"bm":0,"sr":1},{"ddd":0,"ind":16,"ty":2,"nm":"动物11","refId":"image_3","ks":{"o":{"a":0,"k":100},"r":{"a":0,"k":0},"p":{"a":0,"k":[60.833,60.5,0]},"a":{"a":0,"k":[60.5,54,0]},"s":{"a":0,"k":[100,100,100]}},"ao":0,"ip":118,"op":123,"st":118,"bm":0,"sr":1},{"ddd":0,"ind":17,"ty":2,"nm":"动物14","refId":"image_2","ks":{"o":{"a":0,"k":100},"r":{"a":0,"k":0},"p":{"a":0,"k":[60.833,60.5,0]},"a":{"a":0,"k":[60,59,0]},"s":{"a":0,"k":[100,100,100]}},"ao":0,"ip":123,"op":128,"st":123,"bm":0,"sr":1},{"ddd":0,"ind":18,"ty":2,"nm":"动物13","refId":"image_3","ks":{"o":{"a":0,"k":100},"r":{"a":0,"k":0},"p":{"a":0,"k":[60.833,60.5,0]},"a":{"a":0,"k":[60.5,54,0]},"s":{"a":0,"k":[100,100,100]}},"ao":0,"ip":128,"op":133,"st":128,"bm":0,"sr":1}]}],"layers":[{"ddd":0,"ind":1,"ty":0,"nm":"原地2","refId":"comp_0","ks":{"o":{"a":1,"k":[{"i":{"x":[0.833],"y":[0.833]},"o":{"x":[0.167],"y":[0.167]},"n":["0p833_0p833_0p167_0p167"],"t":115.2,"s":[100],"e":[0]},{"t":122.8798828125}]},"r":{"a":0,"k":0},"p":{"a":1,"k":[{"i":{"x":0.833,"y":0.833},"o":{"x":0.167,"y":0.167},"n":"0p833_0p833_0p167_0p167","t":0,"s":[303,110,0],"e":[153,110,0],"to":[-25,0,0],"ti":[25,0,0]},{"i":{"x":0.833,"y":0.833},"o":{"x":0.167,"y":0.167},"n":"0p833_0p833_0p167_0p167","t":24,"s":[153,110,0],"e":[153,110,0],"to":[0,0,0],"ti":[0,0,0]},{"i":{"x":0.833,"y":0.833},"o":{"x":0.167,"y":0.167},"n":"0p833_0p833_0p167_0p167","t":115.2,"s":[153,110,0],"e":[105,110,0],"to":[-8,0,0],"ti":[8,0,0]},{"t":122.8798828125}]},"a":{"a":0,"k":[60,59,0]},"s":{"a":0,"k":[100,100,100]}},"ao":0,"w":120,"h":118,"ip":0,"op":136,"st":0,"bm":0,"sr":1}]}