{"v":"4.6.11","fr":25,"ip":0,"op":128,"w":720,"h":220,"nm":"框有效区","ddd":0,"assets":[{"id":"image_0","w":30,"h":26,"u":"images/","p":"img_0.png"},{"id":"image_1","w":24,"h":39,"u":"images/","p":"img_1.png"}],"layers":[{"ddd":0,"ind":1,"ty":2,"nm":"爱心 3","refId":"image_0","ks":{"o":{"a":1,"k":[{"i":{"x":[0.833],"y":[0.833]},"o":{"x":[0.167],"y":[0.167]},"n":["0p833_0p833_0p167_0p167"],"t":51,"s":[0],"e":[100]},{"i":{"x":[0.833],"y":[0.833]},"o":{"x":[0.167],"y":[0.167]},"n":["0p833_0p833_0p167_0p167"],"t":73,"s":[100],"e":[0]},{"t":88}]},"r":{"a":0,"k":13},"p":{"a":1,"k":[{"i":{"x":0.833,"y":0.833},"o":{"x":0.167,"y":0.167},"n":"0p833_0p833_0p167_0p167","t":20,"s":[131,104,0],"e":[129,104,0],"to":[-0.16666667163372,0,0],"ti":[-46.1932067871094,-21.838264465332,0]},{"i":{"x":0.833,"y":0.833},"o":{"x":0.167,"y":0.167},"n":"0p833_0p833_0p167_0p167","t":51,"s":[129,104,0],"e":[645,84,0],"to":[94.8333358764648,44.8333320617676,0],"ti":[-110.833335876465,-11.8333330154419,0]},{"t":88}]},"a":{"a":0,"k":[15,13,0]},"s":{"a":0,"k":[67.364,67.364,100]}},"ao":0,"ip":0,"op":128,"st":0,"bm":0,"sr":1},{"ddd":0,"ind":2,"ty":2,"nm":"爱心 2","refId":"image_0","ks":{"o":{"a":1,"k":[{"i":{"x":[0.833],"y":[0.833]},"o":{"x":[0.167],"y":[0.167]},"n":["0p833_0p833_0p167_0p167"],"t":30,"s":[0],"e":[100]},{"i":{"x":[0.833],"y":[0.833]},"o":{"x":[0.167],"y":[0.167]},"n":["0p833_0p833_0p167_0p167"],"t":43,"s":[100],"e":[0]},{"t":56}]},"r":{"a":0,"k":13},"p":{"a":1,"k":[{"i":{"x":0.833,"y":0.833},"o":{"x":0.167,"y":0.167},"n":"0p833_0p833_0p167_0p167","t":20,"s":[229,151,0],"e":[227,151,0],"to":[-0.16666667163372,0,0],"ti":[-51.0949401855469,0.17088608443737,0]},{"i":{"x":0.833,"y":0.833},"o":{"x":0.167,"y":0.167},"n":"0p833_0p833_0p167_0p167","t":30,"s":[227,151,0],"e":[534,140,0],"to":[49.8333320617676,-0.16666667163372,0],"ti":[-135.83332824707,43.1666679382324,0]},{"t":56}]},"a":{"a":0,"k":[15,13,0]},"s":{"a":0,"k":[67.364,67.364,100]}},"ao":0,"ip":0,"op":128,"st":0,"bm":0,"sr":1},{"ddd":0,"ind":3,"ty":2,"nm":"爱心","refId":"image_0","ks":{"o":{"a":1,"k":[{"i":{"x":[0.833],"y":[0.833]},"o":{"x":[0.167],"y":[0.167]},"n":["0p833_0p833_0p167_0p167"],"t":9,"s":[0],"e":[100]},{"i":{"x":[0.833],"y":[0.833]},"o":{"x":[0.167],"y":[0.167]},"n":["0p833_0p833_0p167_0p167"],"t":22,"s":[100],"e":[0]},{"t":35}]},"r":{"a":0,"k":45},"p":{"a":1,"k":[{"i":{"x":0.833,"y":0.833},"o":{"x":0.167,"y":0.167},"n":"0p833_0p833_0p167_0p167","t":9,"s":[181,76,0],"e":[311.587,59.405,0],"to":[27.3877086639404,3.20591902732849,0],"ti":[-58.5582427978516,9.5661039352417,0]},{"i":{"x":0.833,"y":0.833},"o":{"x":0.167,"y":0.167},"n":"0p833_0p833_0p167_0p167","t":20,"s":[311.587,59.405,0],"e":[486,45,0],"to":[47.9914703369141,-7.83991050720215,0],"ti":[-69.7390823364258,-0.82575881481171,0]},{"t":35}]},"a":{"a":0,"k":[15,13,0]},"s":{"a":0,"k":[100,100,100]}},"ao":0,"ip":0,"op":128,"st":0,"bm":0,"sr":1},{"ddd":0,"ind":4,"ty":2,"nm":"上翅膀/框有效区.psd","cl":"psd","refId":"image_1","ks":{"o":{"a":0,"k":100},"r":{"a":1,"k":[{"i":{"x":[0.833],"y":[0.833]},"o":{"x":[0.167],"y":[0.167]},"n":["0p833_0p833_0p167_0p167"],"t":0,"s":[0],"e":[7]},{"i":{"x":[0.833],"y":[0.833]},"o":{"x":[0.167],"y":[0.167]},"n":["0p833_0p833_0p167_0p167"],"t":10,"s":[7],"e":[-3]},{"i":{"x":[0.833],"y":[0.833]},"o":{"x":[0.167],"y":[0.167]},"n":["0p833_0p833_0p167_0p167"],"t":20,"s":[-3],"e":[7]},{"i":{"x":[0.833],"y":[0.833]},"o":{"x":[0.167],"y":[0.167]},"n":["0p833_0p833_0p167_0p167"],"t":30,"s":[7],"e":[-3]},{"i":{"x":[0.833],"y":[0.833]},"o":{"x":[0.167],"y":[0.167]},"n":["0p833_0p833_0p167_0p167"],"t":40,"s":[-3],"e":[7]},{"i":{"x":[0.833],"y":[0.833]},"o":{"x":[0.167],"y":[0.167]},"n":["0p833_0p833_0p167_0p167"],"t":50,"s":[7],"e":[-3]},{"i":{"x":[0.833],"y":[0.833]},"o":{"x":[0.167],"y":[0.167]},"n":["0p833_0p833_0p167_0p167"],"t":60,"s":[-3],"e":[7]},{"i":{"x":[0.833],"y":[0.833]},"o":{"x":[0.167],"y":[0.167]},"n":["0p833_0p833_0p167_0p167"],"t":70,"s":[7],"e":[-3]},{"i":{"x":[0.833],"y":[0.833]},"o":{"x":[0.167],"y":[0.167]},"n":["0p833_0p833_0p167_0p167"],"t":80,"s":[-3],"e":[7]},{"i":{"x":[0.833],"y":[0.833]},"o":{"x":[0.167],"y":[0.167]},"n":["0p833_0p833_0p167_0p167"],"t":92,"s":[7],"e":[-3]},{"i":{"x":[0.833],"y":[0.833]},"o":{"x":[0.167],"y":[0.167]},"n":["0p833_0p833_0p167_0p167"],"t":102,"s":[-3],"e":[7]},{"i":{"x":[0.833],"y":[0.833]},"o":{"x":[0.167],"y":[0.167]},"n":["0p833_0p833_0p167_0p167"],"t":112,"s":[7],"e":[-3]},{"t":122}]},"p":{"a":0,"k":[32.25,84.5,0]},"a":{"a":0,"k":[15.25,27.5,0]},"s":{"a":0,"k":[100,100,100]}},"ao":0,"ip":0,"op":128,"st":0,"bm":0,"sr":1}]}